Category,Finding,Supporting Evidence,Frequency/Impact,Examples
Pain Point,Durability concerns,214 Beats reviews mention durability,53.6% of Beats reviews,"“I recently got my hands on the Ultimate Ears EVERBOOM, and let me tell you, it’s a total game changer when it comes to portable speakers! Fi...” | “I've had the Sony ULT Field 3 for about a week and a half now, and even though I haven’t had long stretches of use, I’ve used it pretty much...”"
Pain Point,Battery concerns,191 Beats reviews mention battery,47.9% of Beats reviews,"“I recently got my hands on the Ultimate Ears EVERBOOM, and let me tell you, it’s a total game changer when it comes to portable speakers! Fi...” | “I've had the Sony ULT Field 3 for about a week and a half now, and even though I haven’t had long stretches of use, I’ve used it pretty much...”"
Pain Point,Connectivity concerns,186 Beats reviews mention connectivity,46.6% of Beats reviews,"“I recently got my hands on the Ultimate Ears EVERBOOM, and let me tell you, it’s a total game changer when it comes to portable speakers! Fi...” | “I've had the Sony ULT Field 3 for about a week and a half now, and even though I haven’t had long stretches of use, I’ve used it pretty much...”"
Strength,Sound praised,346 Beats reviews mention sound,86.7% of Beats reviews,"“I recently got my hands on the Ultimate Ears EVERBOOM, and let me tell you, it’s a total game changer when it comes to portable speakers! Fi...” | “I've had the Sony ULT Field 3 for about a week and a half now, and even though I haven’t had long stretches of use, I’ve used it pretty much...”"
Strength,Design praised,143 Beats reviews mention design,35.8% of Beats reviews,"“I recently got my hands on the Ultimate Ears EVERBOOM, and let me tell you, it’s a total game changer when it comes to portable speakers! Fi...” | “I've had the Sony ULT Field 3 for about a week and a half now, and even though I haven’t had long stretches of use, I’ve used it pretty much...”"
Strength,Price praised,140 Beats reviews mention price,35.1% of Beats reviews,"“I recently got my hands on the Ultimate Ears EVERBOOM, and let me tell you, it’s a total game changer when it comes to portable speakers! Fi...” | “I've had the Sony ULT Field 3 for about a week and a half now, and even though I haven’t had long stretches of use, I’ve used it pretty much...”"
Recommendation,Improve durability & QC messaging (materials/testing),214 mentions of durability among Beats reviews,53.6% of Beats reviews,
Recommendation,"Enhance battery life (cells, power mgmt)",191 mentions of battery among Beats reviews,47.9% of Beats reviews,
Recommendation,"Strengthen Bluetooth stack, pairing reliability",186 mentions of connectivity among Beats reviews,46.6% of Beats reviews,
